filename	source_id	subject	make	model	mode	megapixels	source_remark	source_added	bytes	sha256	source_filename	source_url	license	license_url
01-canon-eos-80d-city-tree.CR2	1296	city street and large tree	Canon	EOS 80D	sRAW2 (sRAW) (3:2)	24		2017-04-03	20220625	f9c5404b57248c21e9b269721aa0d721c3b1281c94ebdee3c50bf32db42613a8	Canon - EOS 80D - sRAW2 (sRAW) (3:2).CR2	https://raw.pixls.us/getfile.php/1296/nice/Canon%20-%20EOS%2080D%20-%20sRAW2%20%28sRAW%29%20%283%3A2%29.CR2	Creative Commons Zero 1.0 - Public Domain	https://creativecommons.org/publicdomain/zero/1.0/
02-nikon-d850-green-field.NEF	1835	green field and treeline	Nikon	D850	12bit 12bit compressed (Lossless) (3:2)	25.71		2017-10-19	23073359	31b7fe298a5c91694c6ca8b3284a0a016e572a02c3964b502d4732e8e9283da8	Nikon - D850 - 12bit 12bit compressed (Lossless) (3:2).NEF	https://raw.pixls.us/getfile.php/1835/nice/Nikon%20-%20D850%20-%2012bit%2012bit%20compressed%20%28Lossless%29%20%283%3A2%29.NEF	Creative Commons Zero 1.0 - Public Domain	https://creativecommons.org/publicdomain/zero/1.0/
03-fujifilm-xq2-harbor-ferry.RAF	1844	harbor ferry	Fujifilm	XQ2	12bit 12bit uncompressed (4:3)	12.34		2017-10-20	19430400	4bce88593f5ae8fc45aeeec8a6dee9a84c773493cc6db9dabdc28744c8ac4b4d	Fujifilm - XQ2 - 12bit 12bit uncompressed (4:3).RAF	https://raw.pixls.us/getfile.php/1844/nice/Fujifilm%20-%20XQ2%20-%2012bit%2012bit%20uncompressed%20%284%3A3%29.RAF	Creative Commons Zero 1.0 - Public Domain	https://creativecommons.org/publicdomain/zero/1.0/
04-ricoh-gr-iii-coastal-dunes.DNG	3115	coastal dunes	Ricoh	GR III	14bit (3:2)	24.84		2019-05-02	33374940	05513ee72f7cac4165534c9f64995412084f414a033c80c473c79fd94154292e	Ricoh - GR III - 14bit (3:2).DNG	https://raw.pixls.us/getfile.php/3115/nice/Ricoh%20-%20GR%20III%20-%2014bit%20%283%3A2%29.DNG	Creative Commons Zero 1.0 - Public Domain	https://creativecommons.org/publicdomain/zero/1.0/
05-sony-rx100-vii-tropical-homestead.ARW	3463	tropical homestead	Sony	DSC-RX100M7	12bit 12bit compressed (3:2)	20.21		2019-10-07	21058560	815532f017b94e31990e8111791131647c95f6953aa28c571783c5e17eb36523	Sony - DSC-RX100M7 - 12bit 12bit compressed (3:2).ARW	https://raw.pixls.us/getfile.php/3463/nice/Sony%20-%20DSC-RX100M7%20-%2012bit%2012bit%20compressed%20%283%3A2%29.ARW	Creative Commons Zero 1.0 - Public Domain	https://creativecommons.org/publicdomain/zero/1.0/
06-nikon-z6-still-life-toys.NEF	3587	toy still life	Nikon	Z 6	12bit 12bit compressed (3:2)	13.78	RAW S	2019-11-29	13507425	f0ab08da469ee205f2bc08efd9005778c64cdcb064893cee03768e32e5da1a36	Nikon - Z 6 - 12bit 12bit compressed (3:2).NEF	https://raw.pixls.us/getfile.php/3587/nice/Nikon%20-%20Z%206%20-%2012bit%2012bit%20compressed%20%283%3A2%29.NEF	Creative Commons Zero 1.0 - Public Domain	https://creativecommons.org/publicdomain/zero/1.0/
07-sony-a7c-autumn-leaf.ARW	4144	autumn leaf close-up	Sony	ILCE-7C	14bit 14bit compressed (3:2)	24.34		2020-10-28	24787712	6bfac3286f0e931e949b23e1bb236b737bb9e4117b8b42fa09e36f40f0fa8408	Sony - ILCE-7C - 14bit 14bit compressed (3:2).ARW	https://raw.pixls.us/getfile.php/4144/nice/Sony%20-%20ILCE-7C%20-%2014bit%2014bit%20compressed%20%283%3A2%29.ARW	Creative Commons Zero 1.0 - Public Domain	https://creativecommons.org/publicdomain/zero/1.0/
08-canon-eos-m200-harbor-cityscape.CR3	8470	harbor cityscape	Canon	EOS M200	CRAW (3:2)	24		2025-08-09	17606963	0585a468143c6606936d0ffbff1788c6c02e3610d8ecb50614e21492fbacd052	Canon - EOS M200 - CRAW (3:2).CR3	https://raw.pixls.us/getfile.php/8470/nice/Canon%20-%20EOS%20M200%20-%20CRAW%20%283%3A2%29.CR3	Creative Commons Zero 1.0 - Public Domain	https://creativecommons.org/publicdomain/zero/1.0/
09-google-pixel-7-pro-succulents.DNG	6168	succulent plants	Google	Pixel 7 Pro	16bit (4:3)	11.35		2022-12-04	12243982	6b921558944db5fdb4f1c63dc64919b6666ef700857a187e18500099c6e7c6c6	Google - Pixel 7 Pro - 16bit (4:3).dng	https://raw.pixls.us/getfile.php/6168/nice/Google%20-%20Pixel%207%20Pro%20-%2016bit%20%284%3A3%29.dng	Creative Commons Zero 1.0 - Public Domain	https://creativecommons.org/publicdomain/zero/1.0/
10-sony-a7-iv-neighborhood-tree.ARW	6931	neighborhood tree	Sony	ILCE-7M4	4:3	9.18	Full frame raw "lossless-small"	2023-10-19	22933504	cbbd0930c7d8706dff84c68a2004454266e6fd0d8354f5f76a106b5d776e0223	Sony - ILCE-7M4 - 4:3.ARW	https://raw.pixls.us/getfile.php/6931/nice/Sony%20-%20ILCE-7M4%20-%204%3A3.ARW	Creative Commons Zero 1.0 - Public Domain	https://creativecommons.org/publicdomain/zero/1.0/
11-om-system-tg-7-forest-floor.ORF	6946	forest floor	OM System	TG-7	16bit (4:3)	12.18	I have a couple of images with CC0 let me know if you want another. I am new to this camera.	2023-10-24	13815196	4f7344c67bfcfcfec45f754195ba612fc2ad6312f5fab87812bf04b9e9e7d46a	OM System - TG-7 - 16bit (4:3).ORF	https://raw.pixls.us/getfile.php/6946/nice/OM%20System%20-%20TG-7%20-%2016bit%20%284%3A3%29.ORF	Creative Commons Zero 1.0 - Public Domain	https://creativecommons.org/publicdomain/zero/1.0/
12-om-system-om-1-mark-ii-garden-shed.ORF	7262	garden shed	OM System	OM-1 Mark II	16bit (4:3)	20.42	20 MP 12 bit RAW	2024-02-28	22436792	d0fe58daf2f0bd749ecb18311e55408f0e7804de8e5e6580e815eae50d834cbd	OM System - OM-1 Mark II - 16bit (4:3).orf	https://raw.pixls.us/getfile.php/7262/nice/OM%20System%20-%20OM-1%20Mark%20II%20-%2016bit%20%284%3A3%29.orf	Creative Commons Zero 1.0 - Public Domain	https://creativecommons.org/publicdomain/zero/1.0/
13-fujifilm-x100vi-stone-church.RAF	7302	stone church	Fujifilm	X100VI	14bit 14bit compressed (3:2)	40.9	compressed (lossy)	2024-03-02	29851616	7f19c7c5914542b91829ac2e41c8d4c10e414b28b0f7a793001e1a979c8c6056	Fujifilm - X100VI - 14bit 14bit compressed (3:2).RAF	https://raw.pixls.us/getfile.php/7302/nice/Fujifilm%20-%20X100VI%20-%2014bit%2014bit%20compressed%20%283%3A2%29.RAF	Creative Commons Zero 1.0 - Public Domain	https://creativecommons.org/publicdomain/zero/1.0/
14-panasonic-fz28-spring-backyard.RW2	7330	spring backyard	Panasonic	DMC-FZ28	16:9	7.54	part of series of 3 16:9 crop	2024-03-14	9274368	b58564eb3cd148e6282aeba0b104506fa021ce905a3040f15b6ef1cbd6142fff	Panasonic - DMC-FZ28 - 16:9.RW2	https://raw.pixls.us/getfile.php/7330/nice/Panasonic%20-%20DMC-FZ28%20-%2016%3A9.RW2	Creative Commons Zero 1.0 - Public Domain	https://creativecommons.org/publicdomain/zero/1.0/
15-panasonic-s9-city-street.RW2	7702	city street	Panasonic	DC-S9	3:2	24.08	ISO200 3:2 24MP	2025-04-27	27680768	290ad5b4e396cb241a59459b2613d2b0659a03ff654e5d5368b3376d35812e50	Panasonic - DC-S9 - 3:2.RW2	https://raw.pixls.us/getfile.php/7702/nice/Panasonic%20-%20DC-S9%20-%203%3A2.RW2	Creative Commons Zero 1.0 - Public Domain	https://creativecommons.org/publicdomain/zero/1.0/
16-dji-mavic-3-pro-aerial-castle.DNG	7823	aerial castle and hills	DJI	FC4382	16bit (4:3)	12.19	Mavic 3 Pro Cinema	2025-05-07	14884352	f33ddaf2a7fa70b395abced251faccea11100d2ab7e54ae0a6adbff043d72027	DJI - FC4382 - 16bit (4:3).DNG	https://raw.pixls.us/getfile.php/7823/nice/DJI%20-%20FC4382%20-%2016bit%20%284%3A3%29.DNG	Creative Commons Zero 1.0 - Public Domain	https://creativecommons.org/publicdomain/zero/1.0/
17-canon-eos-r100-window-flowers.CR3	7897	window flowers	Canon	EOS R100	CRAW (3:2)	24		2025-05-16	15714631	0b66842b2fe00329ebc05fe8ab9357ddbbe1a0a2d2e69a2893102de7fdf5c942	Canon - EOS R100 - CRAW (3:2).CR3	https://raw.pixls.us/getfile.php/7897/nice/Canon%20-%20EOS%20R100%20-%20CRAW%20%283%3A2%29.CR3	Creative Commons Zero 1.0 - Public Domain	https://creativecommons.org/publicdomain/zero/1.0/
18-panasonic-g100d-summer-meadow.RW2	7999	summer meadow	Panasonic	DC-G100D	4:3	20.23		2025-05-24	24184320	bc0a304c5f2d483747767d4a71b0f136a6104e293917ad2bad6467007f07cdab	Panasonic - DC-G100D - 4:3.RW2	https://raw.pixls.us/getfile.php/7999/nice/Panasonic%20-%20DC-G100D%20-%204%3A3.RW2	Creative Commons Zero 1.0 - Public Domain	https://creativecommons.org/publicdomain/zero/1.0/
19-nikon-d200-rolling-hills.NEF	8079	rolling green hills	Nikon	D200	12bit compressed (Lossy (type 1)) (3:2)	10.21		2025-06-08	8949599	b0800a1166b952430b255600373573e1d528adf8de98857781e06a98472b3c35	Nikon - D200 - 12bit compressed (Lossy (type 1)) (3:2).nef	https://raw.pixls.us/getfile.php/8079/nice/Nikon%20-%20D200%20-%2012bit%20compressed%20%28Lossy%20%28type%201%29%29%20%283%3A2%29.nef	Creative Commons Zero 1.0 - Public Domain	https://creativecommons.org/publicdomain/zero/1.0/
20-fujifilm-x-t30-iii-desert-rocks.RAF	8771	desert rock formation	Fujifilm	X-T30 III	14bit compressed (3:2)	26.5	lossy	2025-12-01	21403984	1910b95422240f97781fa3296d67a56cc8f62de63144ac11cbf4267a11278042	Fujifilm - X-T30 III - 14bit compressed (3:2).RAF	https://raw.pixls.us/getfile.php/8771/nice/Fujifilm%20-%20X-T30%20III%20-%2014bit%20compressed%20%283%3A2%29.RAF	Creative Commons Zero 1.0 - Public Domain	https://creativecommons.org/publicdomain/zero/1.0/
21-nikon-d7100-bologna-street-market.NEF	pixls-35639-p1	Bologna street market crowd	Nikon	D7100	14bit compressed	24.3	people; daytime; CC0 declared by photographer in topic post 1	2023-02-28	29019786	2ed291a09d7d4f72c8588b0c12d6cc5c470ad42ab9e3aaad1f888f34526b959f	_DSC7409.NEF	https://discuss.pixls.us/t/street-market-bologna-italy-december-2019/35639	Creative Commons Zero 1.0 - Public Domain	https://creativecommons.org/publicdomain/zero/1.0/
22-panasonic-lx100-ii-padua-street-market.RW2	pixls-35823-p1	Padua street market crowd	Panasonic	DC-LX100M2	12bit Panasonic RAW 1	16.2	people; daytime; CC0 declared by photographer in topic post 1	2023-03-08	19678208	874b652b9d2605030aac18eab4a687903083ac4b8a73029a35f46c36b1f7ba82	P1010153.RW2	https://discuss.pixls.us/t/street-market-padua-italy-2022/35823	Creative Commons Zero 1.0 - Public Domain	https://creativecommons.org/publicdomain/zero/1.0/
23-panasonic-lx100-ii-carousel-crowd.RW2	pixls-34856-p1	carousel and pedestrians	Panasonic	DC-LX100M2	12bit Panasonic RAW 1	16.8	people; daytime; CC0 declared by photographer in topic post 1	2023-01-20	20382208	6c53ccff8f1f28fcad45f5ca97b83e9240d3118985ff13f2261eb7e538d3341e	20221227_0094.RW2	https://discuss.pixls.us/t/enter-the-carousel-and-go-round/34856	Creative Commons Zero 1.0 - Public Domain	https://creativecommons.org/publicdomain/zero/1.0/
24-nikon-d7000-parade-men.NEF	pixls-31113-p12	costumed parade performers	Nikon	D7000	14bit compressed	16.4	people; daytime; CC0 declared by photographer in topic post 12	2022-06-06	18768892	5317f4ae4abbd265534900db5b9bfd5431b4fab743f9c7971d02d3fe6aa39319	2022-04-25_16-55-25_DSC_0524.NEF	https://discuss.pixls.us/t/filmic-v6-loss-of-contrast/31113/12	Creative Commons Zero 1.0 - Public Domain	https://creativecommons.org/publicdomain/zero/1.0/
25-sony-a7-iv-outdoor-bar-evening.ARW	pixls-46114-p17	outdoor bar crowd	Sony	ILCE-7M4	14bit compressed	36.7	people; night/evening; captured 22:25; CC0 declared by photographer in topic post 17	2024-10-21	49055116	970a4be9a5057b7a0d205aa3f907a5acf8642ab23dc6625a253f72c2e821b559	ASC00292.ARW	https://discuss.pixls.us/t/how-to-denoise-in-darktable-to-be-better-than-with-captureone/46114/17	Creative Commons Zero 1.0 - Public Domain	https://creativecommons.org/publicdomain/zero/1.0/
26-nikon-d40-neon-bartenders-night.NEF	1S-kQIgUYNznbtU0h9ACxZ4aHgQVRf_1B	bartenders under neon lighting	Nikon	D40	12bit compressed	6.1	people; environmental portrait; night; captured 23:33; source and embedded metadata say Public Domain	2022-01-11	6189142	3742d4d14a044495333ba804d8c004cadf2846d47ec489a96e06148ae6dae97a	Bar and bottles.NEF	https://discuss.pixls.us/t/highlight-recovery-test-set/28801	Public Domain - photographer dedication	https://discuss.pixls.us/t/highlight-recovery-test-set/28801
27-nikon-d40-singer-stage-night.NEF	1tqVexHROgiO9Nr36fZsWrMQ3Oww4M681	singer on stage	Nikon	D40	12bit compressed	6.1	people; portrait; night; captured 21:52; source and embedded metadata say Public Domain	2022-01-11	5314524	155b8cf5b7259b7c463a588ae982e50b7bed609732d38ef1a3e44bc19dc501d2	Singer.NEF	https://discuss.pixls.us/t/highlight-recovery-test-set/28801	Public Domain - photographer dedication	https://discuss.pixls.us/t/highlight-recovery-test-set/28801
28-nikon-d40-performer-portrait-evening.NEF	1PINoKQjnU_dRiWkNUUr1yLa8LbZqfJlW	costumed performer portrait	Nikon	D40	12bit compressed	6.1	people; portrait; evening; captured 20:47; source and embedded metadata say Public Domain	2022-01-11	5911760	9cacd164841702b55e8a9b95675b92bf5e996378a3bf11e11e404501e07ca692	Big wig model.NEF	https://discuss.pixls.us/t/highlight-recovery-test-set/28801	Public Domain - photographer dedication	https://discuss.pixls.us/t/highlight-recovery-test-set/28801
29-nikon-d40-guitarist-stage-night.NEF	1vNT25OvYzRICEkxC2VCXN7aTEypq0DYJ	guitarist on stage	Nikon	D40	12bit compressed	6.1	people; night; captured 22:11; source and embedded metadata say Public Domain	2022-01-11	6263198	b7e6c0e2c548a33b5842e3f25ba71fe3421235714c89f6bc496baab4287cf974	Guitarist pose.NEF	https://discuss.pixls.us/t/highlight-recovery-test-set/28801	Public Domain - photographer dedication	https://discuss.pixls.us/t/highlight-recovery-test-set/28801
30-nikon-d90-busker-in-shadow.NEF	1WEhZWsD-no05My1ykpa6gZHVRVxovywm	busker in deep shade	Nikon	D90	12bit compressed	12.5	people; daytime; source and embedded metadata say Public Domain	2022-01-11	10255876	b586bdcb3dfe2a202b03d23de8b9be14b09960982ce7761811ae58a259ceb735	Busker in Shadow.NEF	https://discuss.pixls.us/t/highlight-recovery-test-set/28801	Public Domain - photographer dedication	https://discuss.pixls.us/t/highlight-recovery-test-set/28801
31-nikon-d7100-woman-natural-light-portrait.NEF	oneraw-01-wesaturate	woman in natural-light portrait	Nikon	D7100	14bit compressed	15.5	people; close portrait; well-lit natural skin; One Raw identifies the source as Wesaturate; no model release located	2017-07	20236472	c00ff1aa7737d6fc2ec8af2e8decc4598d31b85089d5739ad286786ea6fbbec3	oneraw01.nef	https://www.oneraw.co.uk/01/	Creative Commons Zero 1.0 - Public Domain	https://creativecommons.org/publicdomain/zero/1.0/
32-nikon-d300-derrick-coetzee-close-portrait.NEF	commonsarchive-85	Derrick Coetzee close portrait	Nikon	D300	14bit compressed	12.5	people; tight head-and-shoulders portrait; well-lit skin; embedded Copyright says all rights waived under CC0; RAW preserved in the 2022-08-07 Commons Archive snapshot; no model release located	2012-04-04	14681539	5f42b275d092e21375e23e3a615732d710600beec785e228e021d84372c3574e	Derrick_Coetzee_in_hat_and_necklace.nef	https://commons.wikimedia.org/wiki/File:Derrick_Coetzee_in_hat_and_necklace.jpg	Creative Commons Zero 1.0 - Public Domain	https://creativecommons.org/publicdomain/zero/1.0/
33-nikon-d300-james-goodman-office-portrait.NEF	commonsarchive-101	James R. Goodman office portrait	Nikon	D300	14bit compressed	12.5	people; head-and-shoulders office portrait; soft well-lit skin; RAW description page explicitly declares CC0; RAW preserved in the 2022-08-07 Commons Archive snapshot; no model release located	2012-09-18	15189284	1d584b6ef01b115dbffc09ac509634493e662e318c5238179d396c059cc53906	James_R._Goodman.nef	https://commons.wikimedia.org/wiki/File:James_R._Goodman.jpg	Creative Commons Zero 1.0 - Public Domain	https://creativecommons.org/publicdomain/zero/1.0/
34-nikon-d300-ren-ng-formal-portrait.NEF	commonsarchive-163	Ren Ng formal portrait with Lytro camera	Nikon	D300	14bit compressed	12.5	people; formal portrait; well-lit skin with fill flash; embedded Copyright says all rights waived under CC0; RAW preserved in the 2022-08-07 Commons Archive snapshot; no model release located	2012-04-14	13612413	d730e7d5a870a26cb45a8a4ce835651acc9d5c48d92d3536d50bfb8a2197c503	Ren_Ng_with_Lytro_light_field_camera.nef	https://commons.wikimedia.org/wiki/File:Ren_Ng_with_Lytro_light_field_camera.jpg	Creative Commons Zero 1.0 - Public Domain	https://creativecommons.org/publicdomain/zero/1.0/
35-nikon-d300-palm-sunday-vendor-portrait.NEF	commonsarchive-97	Palm Sunday street vendor portrait	Nikon	D300	14bit uncompressed	12.5	people; environmental portrait; well-lit skin; embedded Copyright says Creative Commons CC0 1.0 Universal Public Domain; RAW preserved in the 2022-08-07 Commons Archive snapshot; no model release located	2013-05-31	26493920	552f8ab567bba9df021b0d66382e37ca167688409cbbbe9413b6a844a1280cf6	Girl_selling_for_Palm_Sunday.NEF	https://commons.wikimedia.org/wiki/File:Girl_selling_Palm_Sunday_palms_and_devotional_cards_in_Maracaibo,_Venezuela.jpg	Creative Commons Zero 1.0 - Public Domain	https://creativecommons.org/publicdomain/zero/1.0/
