filename	source_url	license_url	bytes	sha256	color
pexels-aayurdha-binoy-637661586-37564847.jpg	https://www.pexels.com/photo/37564847/	https://www.pexels.com/license/	1088725	2b4a31f099dcbf083c0d1a23a1cef47173b8407820cfb08027843b5275a3790a	monochrome
pexels-alessandro-kelvin-1248577-2376272.jpg	https://www.pexels.com/photo/2376272/	https://www.pexels.com/license/	1610935	b38a85b297ad2c02f4591cbb1068d68f72eda821e6cd6b818c0692011896feb2	color
pexels-auspiciousajay-19848350.jpg	https://www.pexels.com/photo/19848350/	https://www.pexels.com/license/	4091212	b768b0a48b4e9bd4c262841c92370f85859af1b001fdd860a7c9625ba21a123f	color
pexels-bertellifotografia-25078491.jpg	https://www.pexels.com/photo/25078491/	https://www.pexels.com/license/	1015702	29f33ab7039ba95018ae1525c051b5f03b0ace38af121fa7680e09f949cd3883	color
pexels-connorscottmcmanus-14768908.jpg	https://www.pexels.com/photo/14768908/	https://www.pexels.com/license/	5005076	75c14c428190ed4d786517ba170623ad0878799834e4b10144f1836a28f44421	color
pexels-cristian-ortega-1063310314-39026284.jpg	https://www.pexels.com/photo/39026284/	https://www.pexels.com/license/	955230	4a62dbf69912d6efba37822f68bed13dc4e77174c99b6b1a2d4f54f7e43e94eb	color
pexels-ekrulila-20488730.jpg	https://www.pexels.com/photo/20488730/	https://www.pexels.com/license/	3087043	de594f4fd0abc5f22cbe7d30fb51fe5254e87419a35127827969a89a05923531	color
pexels-g-cortez-1520507-5979134.jpg	https://www.pexels.com/photo/5979134/	https://www.pexels.com/license/	5118158	f10dd69d72ca92d91a4f5f160e686097a576e008165813322f3cd858fc8d03bf	monochrome
pexels-harry-cooke-6805929.jpg	https://www.pexels.com/photo/6805929/	https://www.pexels.com/license/	1067901	2a4a3343dc740d0e0319479e4092675f82202e5a082027561a4c6e1a15d3cc1d	color
pexels-hatice-baran-153179658-28003096.jpg	https://www.pexels.com/photo/28003096/	https://www.pexels.com/license/	1049588	2911343bdaf1fc512cb8fbf4001cbd56079f216716d30e19e37f0c75ebd129aa	monochrome
pexels-lewis-ashton-117694088-10147856.jpg	https://www.pexels.com/photo/10147856/	https://www.pexels.com/license/	3212496	05b5bb509f64911db9826233c3bc87671a124e1f2a3dde287c94e23ec60ffffa	color
pexels-magda-ehlers-pexels-9775521.jpg	https://www.pexels.com/photo/9775521/	https://www.pexels.com/license/	2383435	9873a26c9a71b8198a20b8f5a40ca31e896e17d10e8c82501df55de1fe616cf9	color
pexels-petemiller-35045746.jpg	https://www.pexels.com/photo/35045746/	https://www.pexels.com/license/	854143	d08b4ea8b3325a5480730c38026d9c411f49b1db2377eb0a3ba3451982593a4b	color
pexels-raghavendra-narayan-2160151307-36530917.jpg	https://www.pexels.com/photo/36530917/	https://www.pexels.com/license/	5438811	5cfa2f193a80a5db07121f11f97f364ae722eaed03ebb2b2081f66b95ed6baf9	color
pexels-reuben-hayfron-771751751-18868387.jpg	https://www.pexels.com/photo/18868387/	https://www.pexels.com/license/	3296328	b6a68b22b7bdc49c1a62d9cf7998aa29e565b1756961b437244c82b5ac01f9b3	color
pexels-roman-odintsov-10158002.jpg	https://www.pexels.com/photo/10158002/	https://www.pexels.com/license/	2441274	03604d348e26bf458c48fb1b8b4928a6f329d01dd270da22bdb72c4149b8f0fb	color
pexels-rover-ab-konar-1147563-26857198.jpg	https://www.pexels.com/photo/26857198/	https://www.pexels.com/license/	2563224	fc93d72268e2c29b6ac43c306bcf67205ae060014ad643e7f1031847111ac3b1	color
pexels-travel-with-lenses-734723610-30596980.jpg	https://www.pexels.com/photo/30596980/	https://www.pexels.com/license/	3960883	895cc41ae88775154e177f8fa79a74fedb97bdec4594f9ef5498c4834ed8c447	color
pexels-weavehall-collective-746895245-18888497.jpg	https://www.pexels.com/photo/18888497/	https://www.pexels.com/license/	2189258	b2a61b4c7201bbdedebb23e151af8c1b1cf84b4a29818fc9db5551ef94f82cff	color
pexels-zandatsu-28069997.jpg	https://www.pexels.com/photo/28069997/	https://www.pexels.com/license/	8235958	d85eadcb22681b61203160685b8c9a40c03be04d2bae0728af25afed4a023f17	color
